<?xml version="1.0" encoding="UTF-8"?>
<lint>

    <issue id="InvalidPackage" severity="error">
        <ignore regexp="Invalid package reference in library.*not included in Android.*java.*" />
    </issue>
    <issue id="GradleCompatible" severity="error">
        <ignore
            regexp="All com.android.support libraries must use the exact same version specification (mixing versions can lead to runtime crashes). Found versions *. Examples include *" />
    </issue>
    <!-- todo: lint bug? -->
    <issue id="MissingPermission" severity="ignore" />
    <!-- todo: lint bug? -->
    <issue id="MissingSuperCall" severity="ignore" />

    <!--All activities should have locked orientation-->
    <issue id="LockedOrientationActivity" severity="ignore" />

    <issue id="AllowAllHostnameVerifier" severity="error" />
    <issue id="InvalidUsesTagAttribute" severity="error" />
    <issue id="MissingIntentFilterForMediaSearch" severity="error" />
    <issue id="MissingMediaBrowserServiceIntentFilter" severity="error" />
    <issue id="MissingOnPlayFromSearch" severity="error" />
    <issue id="ShiftFlags" severity="error" />
    <issue id="LocalSuppress" severity="error" />
    <issue id="SwitchIntDef" severity="error" />
    <issue id="UniqueConstants" severity="error" />
    <issue id="InlinedApi" severity="error" />
    <issue id="Override" severity="error" />
    <issue id="UnusedAttribute" severity="warning" />
    <issue id="AppCompatResource" severity="error" />
    <issue id="BadHostnameVerifier" severity="error" />
    <issue id="EnforceUTF8" severity="error" />
    <issue id="ByteOrderMark" severity="error" />
    <issue id="StopShip" severity="error" />
    <issue id="MissingPrefix" severity="error" />
    <issue id="MangledCRLF" severity="error" />
    <issue id="DuplicateIds" severity="error" />
    <issue id="DuplicateDefinition" severity="error" />
    <issue id="ReferenceType" severity="error" />
    <issue id="UnsafeDynamicallyLoadedCode" severity="error" />
    <issue id="UnsafeNativeCodeLocation" severity="error" />
    <issue id="FullBackupContent" severity="error" />
    <issue id="ValidFragment" severity="error" />
    <issue id="GradleCompatible" severity="error" />
    <issue id="GradlePluginVersion" severity="error" />
    <issue id="GradleGetter" severity="error" />
    <issue id="GradleIdeError" severity="error" />
    <issue id="NotInterpolated" severity="error" />
    <issue id="StringShouldBeInt" severity="error" />
    <issue id="AccidentalOctal" severity="error" />
    <issue id="GridLayout" severity="error" />
    <issue id="HardcodedDebugMode" severity="error" />
    <issue id="IconExpectedSize" severity="error" />
    <issue id="IncludeLayoutParam" severity="error" />
    <issue id="TrustAllX509TrustManager" severity="warning" />
    <issue id="DefaultLocale" severity="error" />
    <issue id="InvalidResourceFolder" severity="error" />
    <issue id="LongLogTag" severity="error" />
    <issue id="LogTagMismatch" severity="error" />
    <issue id="DuplicateActivity" severity="error" />
    <issue id="MockLocation" severity="error" />
    <issue id="MultipleUsesSdk" severity="error" />
    <issue id="UniquePermission" severity="error" />
    <issue id="WrongManifestParent" severity="error" />
    <issue id="ManifestResource" severity="error" />
    <issue id="ManifestTypo" severity="error" />
    <issue id="Instantiatable" severity="error" />
    <issue id="LibraryCustomView" severity="error" />
    <issue id="ResAuto" severity="error" />
    <issue id="NamespaceTypo" severity="error" />
    <issue id="UnusedNamespace" severity="error" />
    <issue id="NfcTechWhitespace" severity="error" />
    <issue id="OnClick" severity="error" />
    <issue id="DalvikOverride" severity="error" />
    <issue id="OverrideAbstract" severity="error" />
    <issue id="ParcelCreator" severity="error" />
    <issue id="PackagedPrivateKey" severity="error" />
    <issue id="Proguard" severity="error" />
    <issue id="PropertyEscape" severity="error" />
    <issue id="ParcelClassLoader" severity="error" />
    <issue id="RecyclerView" severity="error" />
    <issue id="RequiredSize" severity="error" />
    <issue id="AaptCrash" severity="error" />
    <issue id="ResourceCycle" severity="error" />
    <issue id="ResourceName" severity="error" />
    <issue id="ValidRestrictions" severity="error" />
    <issue id="RtlCompat" severity="error" />
    <issue id="ScrollViewSize" severity="error" />
    <issue id="SecureRandom" severity="error" />
    <issue id="SetWorldReadable" severity="error" />
    <issue id="SetWorldWritable" severity="error" />
    <issue id="ServiceCast" severity="error" />
    <issue id="SSLCertificateSocketFactoryCreateSocket" severity="error" />
    <issue id="SSLCertificateSocketFactoryGetInsecure" severity="error" />
    <issue id="StringFormatMatches" severity="error" />
    <issue id="StringFormatInvalid" severity="error" />
    <issue id="UseCheckPermission" severity="error" />
    <issue id="CheckResult" severity="warning" />
    <issue id="ResourceAsColor" severity="error" />
    <issue id="Range" severity="error" />
    <issue id="ResourceType" severity="warning" />
    <issue id="WrongThread" severity="error" />
    <issue id="WrongConstant" severity="error" />
    <issue id="ProtectedPermissions" severity="error" />
    <issue id="MenuTitle" severity="error" />
    <issue id="ExtraTranslation" severity="error" />
    <issue id="MissingLeanbackLauncher" severity="error" />
    <issue id="MissingLeanbackSupport" severity="error" />
    <issue id="PermissionImpliesUnsupportedHardware" severity="error" />
    <issue id="UnsupportedTvHardware" severity="error" />
    <issue id="MissingTvBanner" severity="error" />
    <issue id="TypographyOther" severity="error" />
    <issue id="TypographyQuotes" severity="warning" />
    <issue id="UnsafeProtectedBroadcastReceiver" severity="error" />
    <issue id="UnprotectedSMSBroadcastReceiver" severity="error" />
    <issue id="VectorRaster" severity="error" />
    <issue id="ViewTag" severity="error" />
    <issue id="WrongViewCast" severity="error" />
    <issue id="Wakelock" severity="error" />
    <issue id="WrongCall" severity="error" />
    <issue id="WrongCase" severity="error" />
    <issue id="InvalidId" severity="error" />
    <issue id="NotSibling" severity="error" />
    <issue id="UnknownIdInLayout" severity="error" />
    <issue id="WrongFolder" severity="error" />
    <issue id="AdapterViewChildren" severity="error" />
    <issue id="SetJavaScriptEnabled" severity="warning" />
    <issue id="AddJavascriptInterface" severity="warning" />
    <issue id="AllowBackup" severity="error" />
    <issue id="AlwaysShowAction" severity="error" />
    <issue id="AppCompatMethod" severity="error" />
    <issue id="Assert" severity="error" />
    <issue id="CommitPrefEdits" severity="error" />
    <issue id="CommitTransaction" severity="error" />
    <issue id="CustomViewStyleable" severity="error" />
    <issue id="CutPasteId" severity="error" />
    <issue id="Deprecated" severity="error" />
    <issue id="DeviceAdmin" severity="error" />
    <issue id="DisableBaselineAlignment" severity="error" />
    <issue id="DrawAllocation" severity="warning" />
    <issue id="DuplicateIncludedIds" severity="error" />
    <issue id="DuplicateUsesFeature" severity="error" />
    <issue id="ExportedContentProvider" severity="error" />
    <issue id="ExportedReceiver" severity="error" />
    <issue id="ExportedService" severity="error" />
    <issue id="ExtraText" severity="error" />
    <issue id="GetInstance" severity="error" />
    <issue id="GifUsage" severity="warning" />
    <issue id="GradleDependency" severity="warning" />
    <issue id="GradleDeprecated" severity="error" />
    <issue id="GradleDynamicVersion" severity="error" />
    <issue id="GradleOverrides" severity="error" />
    <issue id="GradlePath" severity="warning" />
    <issue id="GrantAllUris" severity="error" />
    <issue id="HandlerLeak" severity="error" />
    <issue id="HardcodedText" severity="error" />
    <issue id="IconColors" severity="warning" />
    <issue id="IconDensities" severity="warning" />
    <issue id="IconDipSize" severity="error" />
    <issue id="IconDuplicates" severity="error" />
    <issue id="IconDuplicatesConfig" severity="error" />
    <issue id="IconExtension" severity="error" />
    <issue id="IconLocation" severity="error" />
    <issue id="IconMixedNinePatch" severity="error" />
    <issue id="IconNoDpi" severity="error" />
    <issue id="IconXmlAndPng" severity="error" />
    <issue id="IllegalResourceRef" severity="error" />
    <issue id="InOrMmUsage" severity="error" />
    <issue id="InconsistentArrays" severity="error" />
    <issue id="InefficientWeight" severity="warning" />
    <issue id="InflateParams" severity="warning" />
    <issue id="InnerclassSeparator" severity="error" />
    <issue id="LocaleFolder" severity="error" />
    <issue id="LogConditional" severity="error" />
    <issue id="ManifestOrder" severity="error" />
    <issue id="MipmapIcons" severity="error" />
    <issue id="MissingApplicationIcon" severity="error" />
    <issue id="MissingId" severity="error" />
    <issue id="MissingVersion" severity="error" />
    <issue id="NestedWeights" severity="warning" />
    <issue id="NewerVersionAvailable" severity="warning" />
    <issue id="ObsoleteLayoutParam" severity="error" />
    <issue id="OldTargetApi" severity="error" />
    <issue id="PackageManagerGetSignatures" severity="error" />
    <issue id="PrivateResource" severity="error" />
    <issue id="ProguardSplit" severity="error" />
    <issue id="PxUsage" severity="error" />
    <issue id="Recycle" severity="error" />
    <issue id="Registered" severity="error" />
    <issue id="RtlEnabled" severity="error" />
    <issue id="SQLiteString" severity="error" />
    <issue id="ScrollViewCount" severity="error" />
    <issue id="ScrollViewSize" severity="error" />
    <issue id="SdCardPath" severity="error" />
    <issue id="ShortAlarm" severity="warning" />
    <issue id="ShowToast" severity="error" />
    <issue id="SignatureOrSystemPermissions" severity="error" />
    <issue id="SimpleDateFormat" severity="error" />
    <issue id="SpUsage" severity="error" />
    <issue id="StateListReachable" severity="error" />
    <issue id="SuspiciousImport" severity="error" />
    <issue id="TextFields" severity="error" />
    <issue id="TextViewEdits" severity="error" />
    <issue id="TooDeepLayout" severity="warning" />
    <issue id="TooManyViews" severity="warning" />
    <issue id="TypographyDashes" severity="warning" />
    <issue id="UnknownIdInLayout" severity="error" />
    <issue id="UnlocalizedSms" severity="error" />
    <issue id="UnusedIds" severity="error" />
    <issue id="UseAlpha2" severity="error" />
    <issue id="UseSparseArrays" severity="warning" />
    <issue id="UseValueOf" severity="error" />
    <issue id="UsesMinSdkAttributes" severity="error" />
    <issue id="UsingHttp" severity="warning" />
    <issue id="WorldReadableFiles" severity="warning" />
    <issue id="WorldWriteableFiles" severity="warning" />
    <issue id="WrongRegion" severity="warning" />

    <!-- DISABLE RULES BELOW -->
    <issue id="GoogleAppIndexingApiWarning" severity="ignore" />
    <issue id="GoogleAppIndexingWarning" severity="ignore" />
    <issue id="AppLinksAutoVerifyError" severity="ignore" />
    <issue id="AppLinksAutoVerifyWarning" severity="ignore" />
    <issue id="ClickableViewAccessibility" severity="ignore" />
    <issue id="SetTextI18n" severity="ignore" />
    <issue id="EasterEgg" severity="ignore" />
    <issue id="BackButton" severity="ignore" />
    <issue id="FieldGetter" severity="ignore" />
    <issue id="Orientation" severity="ignore" />
    <issue id="Suspicious0dp" severity="ignore" />
    <issue id="NegativeMargin" severity="ignore" />
    <issue id="MissingQuantity" severity="ignore" />
    <issue id="ImpliedQuantity" severity="ignore" />
    <issue id="TrulyRandom" severity="ignore" />
    <issue id="SelectableText" severity="ignore" />
    <issue id="UnusedIds" severity="ignore" />
    <issue id="ButtonCase" severity="ignore" />
    <issue id="ButtonOrder" severity="ignore" />
    <issue id="ButtonStyle" severity="ignore" />
    <issue id="ContentDescription" severity="ignore" />
    <issue id="ExportedPreferenceActivity" severity="ignore" />
    <!-- remove when facebook will update support library in sdk -->
    <issue id="GradleCompatible" severity="ignore" />
    <issue id="IconLauncherShape" severity="ignore" />
    <issue id="IconMissingDensityFolder" severity="ignore" />
    <issue id="InconsistentLayout" severity="ignore" />
    <issue id="LabelFor" severity="ignore" />
    <issue id="MissingTranslation" severity="ignore" />
    <issue id="NestedScrolling" severity="ignore" />
    <issue id="MergeRootFrame" severity="ignore" />
    <issue id="NewApi" severity="ignore" />
    <issue id="Overdraw" severity="ignore" />
    <issue id="PluralsCandidate" severity="ignore" />
    <issue id="RelativeOverlap" severity="ignore" />
    <issue id="RtlHardcoded" severity="ignore" />
    <issue id="RtlSymmetry" severity="ignore" />
    <issue id="SmallSp" severity="ignore" />
    <issue id="StringFormatCount" severity="ignore" />
    <issue id="TypographyFractions" severity="ignore" />
    <issue id="Typos" severity="ignore" />
    <issue id="UnusedQuantity" severity="ignore" />
    <issue id="UnusedResources" severity="ignore" />
    <issue id="UseCompoundDrawables" severity="ignore" />
    <issue id="UselessLeaf" severity="ignore" />
    <issue id="UselessParent" severity="ignore" />
    <issue id="ViewConstructor" severity="ignore" />
    <issue id="ViewHolder" severity="ignore" />
    <issue id="WebViewLayout" severity="ignore" />
    <issue id="TypographyEllipsis" severity="ignore" />
    <issue id="PermissionImpliesUnsupportedChromeOsHardware" severity="ignore" />

</lint>
